"github repo","repo description","HN post title","HN url","HN post date","relevancy score","num similar users","total user score","total stars"
stevemao/diff-so-fancy,"diff-so-fancy builds on the good-lookin' output of diff-highlight to upgrade your diffs' appearances","Paul Irish's git-diff script as a standalone package",https://github.com/stevemao/diff-so-fancy,"2016-02-08 18:53:00",4.0756861426385305,112,17.650709862467675,76
dhamaniasad/awesome-postgres,"A curated list of awesome PostgreSQL software, libraries, tools and resources, inspired by awesome-mysql","A list of PostgreSQL libraries, tools and resources",https://github.com/dhamaniasad/awesome-postgres,"2016-02-15 17:32:00",3.857045054162272,187,28.24579939842983,1515
dthree/vantage,"Distributed, realtime CLI for live Node apps.","Vantage: CLI and SSH and REPL for Node",http://github.com/dthree/vantage/#vantage,"2016-02-16 06:13:00",3.1810073440824045,183,25.348384115720652,2889
hyperledger/hyperledger,"Hyperledger Project is a new Collaborative Project at The Linux Foundation. The technical community is just getting started and will be adding code to the repository in the coming weeks. Check hyperledger.org for more information about joining the mailing","Hyperledger on GitHub",https://github.com/hyperledger/hyperledger,"2016-02-16 03:21:00",2.64961939903624,109,15.050295534725914,293
reactjs/redux,"Predictable state container for JavaScript apps","We just moved to the reactjs GitHub org",https://github.com/reactjs/redux/issues/1392,"2016-02-12 19:45:00",2.591738958344063,169,24.727248893211886,13916
gogits/gogs,"Gogs (Go Git Service) is a painless self-hosted Git service.","Self-hosted Git service built on Go",https://github.com/gogits/gogs,"2016-02-21 17:56:00",2.071628393422632,142,19.388409421123246,11603
sindresorhus/ava,"Futuristic test runner :rocket:","Ava: A refined, futuristic test runner",https://github.com/sindresorhus/ava/#,"2016-02-25 20:51:00",2.0345089190815266,110,16.2270566965337,2910
pinterest/teletraan,"Teletraan is Pinterest's deploy system.","Teletraan – Pinterest's deploy system",https://github.com/pinterest/teletraan,"2016-02-16 08:40:00",1.804570310062776,78,12.228683324367639,877
kennethreitz/records,"Records: SQL for Humans™","Records: Python library for making raw SQL queries to Postgres databases",https://github.com/kennethreitz/records,"2016-02-07 08:53:00",1.797479406376432,77,12.576390887972536,1093
amark/gun,"A realtime, decentralized, offline-first, graph database engine.",Graphs,https://github.com/amark/gun/wiki/graphs,"2016-02-18 20:08:00",1.6075549129814404,77,11.772399066231847,1515
heroku/react-refetch,"A simple, declarative, and composable way to fetch data for React components","React Refetch: Declaritive Data Fetching for React Components",https://github.com/heroku/react-refetch,"2016-02-17 20:58:00",1.5997378828188245,73,11.745486270062514,1544
jayphelps/git-blame-someone-else,"Blame someone else for your bad code.","Git-blame-someone-else – Blame someone else for your bad code",https://github.com/jayphelps/git-blame-someone-else,"2016-02-07 07:13:00",1.5321828398792965,70,11.552796999666658,1882
expressjs/express,"Fast, unopinionated, minimalist web framework for node.","Express.js maintainer resigns",https://github.com/expressjs/express/pull/2237#issuecomment-189510525,"2016-02-28 02:45:00",1.484971602494336,113,14.941890067265243,23437
zeithq/micro,"Micro — Async HTTP microservices","Show HN: Micro – async/await HTTP microservices",https://github.com/zeithq/micro?,"2016-02-13 11:25:00",1.4672487496774054,62,9.93443231655945,872
jakiestfu/himawari.js,"Download real-time images of Earth from the Himawari-8 satellite","Script for downloading real-time images of Earth from the Himawari-8 satellite",https://github.com/jakiestfu/himawari.js,"2016-02-14 02:35:00",1.4513060521916312,60,9.645946779427561,770
openpgpjs/openpgpjs,"OpenPGP implementation for JavaScript","OpenPGP.js v2.0.0 released",https://github.com/openpgpjs/openpgpjs/releases/tag/v2.0.0,"2016-02-13 09:37:00",1.4267219309551311,78,10.694054075733723,1800
timothycrosley/hug,"Embrace the APIs of the future. Hug aims to make developing APIs as simple as possible, but no simpler.","Hug 2.0.0's architecture",https://github.com/timothycrosley/hug/blob/develop/ARCHITECTURE.md#the-guiding-thought-behind-the-architecture,"2016-02-18 23:17:00",1.4219438490134761,58,10.420626416829878,1523
timothycrosley/hug,"Embrace the APIs of the future. Hug aims to make developing APIs as simple as possible, but no simpler.","New Python REST API and CLI micro-framework",https://github.com/timothycrosley/hug,"2016-02-19 01:56:00",1.4219438490134761,58,10.420626416829878,1523
electronicarts/EASTL,"EASTL stands for Electronic Arts Standard Template Library.  It is an extensive and robust implementation that has an emphasis on high performance.","Electronic Arts Standard Template Library for C++ Open Sourced",https://github.com/electronicarts/EASTL,"2016-02-13 08:05:00",1.3633239330655147,64,9.797042516817724,1321
bytedeco/javacpp,"The missing bridge between Java and native C++",JavaCPP,https://github.com/bytedeco/javacpp,"2016-02-13 07:43:00",1.3057186007754877,57,8.708487713764018,788
aymericdamien/TensorFlow-Examples,"TensorFlow tutorials and code examples for beginners","Tensorflow Examples with Explanations",https://github.com/aymericdamien/TensorFlow-Examples,"2016-02-25 08:45:00",1.3015835142963963,45,8.963396056598196,979
akkartik/mu,"Soul of a tiny new machine for learning programming. Tests before syntax; traces over interfaces; rewrite-friendly rather than backwards-compatible.","Mu: making programs easier to understand in the large",https://github.com/akkartik/mu,"2016-02-13 02:03:00",1.2889809120249347,33,5.476229271830379,70
pudo/dataset,"Easy-to-use data handling for SQL data stores with support for implicit table creation, bulk loading, and transactions. Dataset also includes support for freezing data to CSV and JSON flat files.","Dataset: databases for lazy people",https://github.com/pudo/dataset,"2016-02-07 06:28:00",1.2743563964991305,58,9.73562701649711,2079
atemerev/skynet,"Skynet 1M threads microbenchmark","Akka, Haskell, Erlang, Go and .NET Core compared on 1,111,111 threads",https://github.com/atemerev/skynet,"2016-02-14 14:11:00",1.2510120768284476,34,5.401229771597196,75
joeyh/github-backup,"backs up everything github knows about a repository, to the repository","GitHub-backup:  backs up everything GitHub knows about a repository or a user",https://github.com/joeyh/github-backup,"2016-02-07 10:29:00",1.247166213084781,59,8.605101539046032,992
joealcorn/laboratory,"A Python library for carefully refactoring critical paths (and a port of Github's Scientist)","Show HN: Laboratory, a Python port of GitHub's Scientist library for refactoring",https://github.com/joealcorn/laboratory,"2016-02-15 17:55:00",1.2325481847351634,46,7.502243140547633,440
kjw0612/awesome-rnn,"Recurrent Neural Network - A curated list of resources dedicated to RNN","Awesome Recurrent Neural Networks",https://github.com/kjw0612/awesome-rnn,"2016-02-07 17:12:00",1.2199576939411363,43,8.652639874647985,1203
google/EarlGrey,"iOS UI Automation Test Framework","UI testing framework for iOS by Google",https://github.com/google/EarlGrey/blob/master/README.md,"2016-02-17 00:40:00",1.1585403705400998,38,6.564784074884088,289
google/EarlGrey,"iOS UI Automation Test Framework","iOS UI Automation Test Framework",https://github.com/google/EarlGrey,"2016-02-17 07:52:00",1.1585403705400998,38,6.564784074884088,289
google/EarlGrey,"iOS UI Automation Test Framework","Google just open-sourced their tool for testing iOS apps",https://github.com/google/EarlGrey,"2016-02-18 02:42:00",1.1585403705400998,38,6.564784074884088,289
google/EarlGrey,"iOS UI Automation Test Framework","Google Open Sources Earl Grey",https://github.com/google/EarlGrey,"2016-02-20 01:35:00",1.1585403705400998,38,6.564784074884088,289
nvdv/vprof,"Visual Python profiler","Visual profiler for Python",https://github.com/nvdv/vprof,"2016-02-22 20:06:00",1.153011949576525,38,7.254254399497639,540
vim/vim,"The official Vim repository","Vim cryptmethod is not authenticated",https://github.com/vim/vim/issues/638,"2016-02-19 19:55:00",1.0991285896761733,61,8.869244895247869,3195
jpillora/overseer,"Monitorable, gracefully restarting, self-upgrading binaries in Go (golang)","Overseer: Monitorable, gracefully restarting, self-upgrading binaries in Go",https://github.com/jpillora/overseer,"2016-02-17 00:29:00",1.0185860920829966,29,5.2252434848150795,169
johnkerl/miller,"Miller is like sed, awk, cut, join, and sort for name-indexed data such as CSV and tabular JSON","Miller 3.4.0: JSON, reshape, regex-captures, and more",https://github.com/johnkerl/miller/releases/tag/v3.4.0,"2016-02-14 16:08:00",0.9999703175798627,39,6.419804367160405,614
watson/awesome-computer-history,"An Awesome List of computer history videos, documentaries and related folklore","Awesome Computer History",https://github.com/watson/awesome-computer-history,"2016-02-13 00:28:00",0.9916773829268674,38,6.168818580145106,503
sindresorhus/caprine,"Unofficial Facebook Messenger app","Caprine – Facebook Messenger desktop app",https://github.com/sindresorhus/caprine,"2016-02-06 22:35:00",0.9459885086953616,37,6.215979774355382,714
dotnet/roslyn,"The .NET Compiler Platform (""Roslyn"") provides open-source C# and Visual Basic compilers with rich code analysis APIs.","C# Interactive Window- REPL for VS and Command Line",https://github.com/dotnet/roslyn/wiki/Interactive-Window,"2016-02-22 06:25:00",0.869263728104656,44,7.304534577409093,4461
Masterminds/glide,"Vendor Package Management for Golang","Glide, a vendor package manager for Go",https://github.com/Masterminds/glide,"2016-02-12 19:54:00",0.7617628896924108,34,5.267385386282676,1007
marten-de-vries/kneden,"Transpile ES7 async/await to vanilla ES6 Promise chains: a Babel plugin","Show HN: Kneden – Transpile ES7 Async/await to ES6 Promise Chains (Babel Plugin)",https://github.com/marten-de-vries/kneden,"2016-02-13 05:47:00",0.7444289571530496,20,3.5257632718082057,114
thoughtbot/laptop,"A shell script which turns your OS X laptop into an awesome web development machine.","Thoughtbot's Laptop",https://github.com/thoughtbot/laptop,"2016-02-15 00:13:00",0.7053945329267357,45,6.022364994105948,5103
nlohmann/json,"JSON for Modern C++","JSON for Modern C++",https://github.com/nlohmann/json#readme,"2016-02-19 17:57:00",0.7004686519107106,29,5.347952547720438,2069
macdao/ocds-guide-to-setting-up-mac,"OCD's Guide to Setting up Mac","Mac Setup Guide for OCD",https://github.com/macdao/ocds-guide-to-setting-up-mac/blob/master/README.en.md,"2016-02-28 09:32:00",0.6878350968106215,31,5.0102835696008965,1457
maurosoria/dirsearch,"Web path checker","Dirsearch – cmd tool designed to brute force directories and files in websites",https://github.com/maurosoria/dirsearch,"2016-02-16 09:10:00",0.6772462886878626,28,3.703223436905798,237
otoolep/rqlite,"Replicating SQLite using the Raft consensus protocol","Rqlite: Replicated SQLite using the Raft consensus protocol",https://github.com/otoolep/rqlite,"2016-02-27 18:27:00",0.6430662874223714,27,4.3451554259173975,860
red/red,"Red is a next-generation programming language strongly inspired by Rebol, but with a broader field of usage thanks to its native-code compiler, from system programming to high-level scripting and cross-platform reactive GUI, while providing modern support","Red View Graphic System",https://github.com/red/red/wiki/Red-View-Graphic-System,"2016-02-21 18:49:00",0.6403715344963988,33,4.26606214279511,782
python/cpython,"Semi-official read-only mirror of the CPython Mercurial repository","Python 3.4 supports only 100 regex groups",https://github.com/python/cpython/blob/3.4/Lib/sre_compile.py#L577,"2016-02-20 13:23:00",0.6086810970258475,26,4.442425570968902,1478
BlueOakJS/blueoak-server,"express.js-based, swagger-matic, server runtime","Show HN: Get Started Developing Swagger API with BlueOakJS",https://github.com/BlueOakJS/blueoak-server/wiki/Getting-Started#using-swagger,"2016-02-15 19:15:00",0.5956230165625249,16,2.7429453579620313,100
stefanbuck/awesome-browser-extensions-for-github,"A collection of awesome browser extensions for GitHub.","Awesome browser extensions for GitHub",https://github.com/stefanbuck/awesome-browser-extensions-for-github,"2016-02-13 09:37:00",0.5822821688832028,18,3.455783064317705,378
kirbyfan64/rejit,"A work-in-progress JIT-powered regex engine","Rejit: a work-in-progress JIT-powered regex engine",https://github.com/kirbyfan64/rejit,"2016-02-14 06:28:00",0.5820103424189954,12,2.0523782964246804,34
misterGF/echo,"Echo converts HTML tables into JSON/CSV objects. Use it to make html data easy to transport.","Echo – Convert HTML Tables to JSON/CSV Files",https://github.com/misterGF/echo,"2016-02-12 19:08:00",0.5351601412991722,15,2.3033640834399787,74
kamy22/py-serializable,"Python serializer class (can be extended by other classes).","Show HN: Easily serialize and deserialize Python objects",https://github.com/kamy22/py-serializable,"2016-02-15 21:16:00",0.5332216265136892,2,0.3696010670315518,2
sindresorhus/refined-github,"Chrome extension that simplifies the GitHub interface and adds useful features","Refined GitHub: A Chrome extension that simplifies the interface, adds features",https://github.com/sindresorhus/refined-github,"2016-02-15 16:57:00",0.5314149450613849,16,2.6410330615595203,144
sindresorhus/refined-github,"Chrome extension that simplifies the GitHub interface and adds useful features","Refined GitHub: Chrome extension simplifies GitHub interface, adds features",https://github.com/sindresorhus/refined-github#-refined-github,"2016-02-21 18:20:00",0.5314149450613849,16,2.6410330615595203,144
ncb000gt/node.bcrypt.js,"bcrypt for NodeJs","Bcrypt for NodeJs: async recommended",https://github.com/ncb000gt/node.bcrypt.js#async-recommended,"2016-02-17 21:03:00",0.5287926632414031,28,3.9714605759967387,1827
tallesl/Rich-Hickey-fanclub,"""every time I watch one of his talks I feel like someone has gone in and organized my brain""","Rich Hickey Fanclub",https://github.com/tallesl/Rich-Hickey-fanclub,"2016-02-26 18:53:00",0.522121067611778,19,3.455783064317705,749
fisherman/fisherman,"A fast, modern plugin manager for Fish","Microsecond shell start time, fantastic plugin manager for Fish",https://github.com/fisherman/fisherman/blob/master/README.md#performance,"2016-02-07 06:07:00",0.509601936351073,22,3.386351225289105,769
fisherman/fisherman,"A fast, modern plugin manager for Fish","Code-of-Conduct VS No-Code-of-Conduct?",https://github.com/fisherman/fisherman/issues/83#issuecomment-181138839,"2016-02-07 15:22:00",0.509601936351073,22,3.386351225289105,769
rein/lyrica,"A safe, comprehensible and efficient PID 1/init replacement written in OCaml.","A safe, comprehensible and efficient PID 1/init replacement written in OCaml",https://github.com/rein/lyrica,"2016-02-12 20:14:00",0.5083323340549795,11,2.201451787037468,76
matryer/silk,"Markdown based document-driven RESTful API testing.","Markdown based document-driven RESTful API testing",https://github.com/matryer/silk,"2016-02-21 17:54:00",0.469867575586869,19,2.8621090064401846,442
CaptainCrowbar/unicorn-lib,"Unicode library for C++","Unicorn: C++ Unicode string library",https://github.com/CaptainCrowbar/unicorn-lib,"2016-02-12 19:02:00",0.4666772898198828,13,2.0787427241321095,86
rofrischmann/react-look,"Advanced & Dynamic Component Styling for React and React Native. Use combined powers of both CSS and JavaScript powered by useful Plugins, Mixins and Developer Tools.","React Look: advanced, dynamic component styling for React (+Native)",https://github.com/rofrischmann/react-look,"2016-02-16 21:25:00",0.4492143533235347,16,2.60910097264751,333
bobziuchkovski/writ,"A flexible command and option parser for Go","Writ – A flexible command and option parser for Go",https://github.com/bobziuchkovski/writ,"2016-02-12 22:05:00",0.4441537103431486,12,2.3089317446445596,181
scripting/river5,"A river-of-news RSS aggregator in JS running in Node.","River5: A river-of-news RSS aggregator in JavaScript running in Node",https://github.com/scripting/river5,"2016-02-08 16:00:00",0.43467494885144353,8,1.1149192307611364,13
toubou91/percircle,":o: CSS percentage circle built with jQuery","Percircle – CSS percentage circle built with jQuery",https://github.com/toubou91/percircle,"2016-02-16 08:55:00",0.42776713734855526,16,2.0584943260911617,123
frankmcsherry/blog,"Some notes on things I find interesting and important.","Differential privacy for dummies",https://github.com/frankmcsherry/blog/blob/master/posts/2016-02-03.md,"2016-02-06 22:52:00",0.4040327616534376,17,2.160406622493672,210
frankmcsherry/blog,"Some notes on things I find interesting and important.","Differential privacy: An illustrated primer",https://github.com/frankmcsherry/blog/blob/master/posts/2016-02-06.md,"2016-02-12 19:06:00",0.4040327616534376,17,2.160406622493672,210
FlexMonkey/ValentinesSwift,"You love Swift & Swift loves you!","Valentine's Heart Swift Playground",https://github.com/FlexMonkey/ValentinesSwift,"2016-02-13 01:13:00",0.40012411936059256,3,0.43958127452205253,3
caioariede/pyq,"A tool to search for Python code using jQuery-like selectors","A tool to search for Python code using jQuery-like selectors",https://github.com/caioariede/pyq,"2016-02-08 11:49:00",0.38839915330562136,7,1.0768711121826455,16
getquill/quill,"Compile-time Language Integrated Query for Scala","Comparison between Quill and other Cassandra libraries in Scala",https://github.com/getquill/quill/blob/master/CASSANDRA.md,"2016-02-19 20:13:00",0.3879426290076303,12,2.271431994527969,349
iovisor/bcc,"BCC - Tools for BPF-based Linux IO analysis, networking, monitoring, and more","BCC – Tools for BPF-based Linux IO analysis, networking, monitoring, and more",https://github.com/iovisor/bcc,"2016-02-18 20:34:00",0.38129341615875073,14,2.250635228025121,366
ryukinix/labyrinth-explorer,"Random labyrinth maker with visual exploring using Pygame","Python Labyrinth Generator",https://github.com/ryukinix/labyrinth-explorer,"2016-02-08 13:59:00",0.37816082467898227,2,0.2621211094244603,2
lucazd/zekai,"A coffee-like programming language in 150 lines.","Zekai, a coffee-like programming language in 150 lines",https://github.com/lucazd/zekai,"2016-02-12 18:52:00",0.37816082467898227,2,0.2621211094244603,2
soulmachine/machine-learning-cheat-sheet,"Classical equations and diagrams in machine learning","135 Page Machine learning cheat sheet",https://github.com/soulmachine/machine-learning-cheat-sheet,"2016-02-08 13:23:00",0.3553673143394942,14,2.486391909742152,1093
fjserna/CVE-2015-7547,"Proof of concept for CVE-2015-7547","Poc for CVE-2015-7547",https://github.com/fjserna/CVE-2015-7547,"2016-02-16 21:52:00",0.34523487903498534,10,1.8221892759122305,196
shekhargulati/52-technologies-in-2016,"Let's learn a new technology every week. A new technology blog every Sunday in 2016.","Building a Lightweight Scala REST API Client with OkHttp",https://github.com/shekhargulati/52-technologies-in-2016/blob/master/06-okhttp/README.md,"2016-02-07 08:00:00",0.3416865048065748,13,2.056472079313786,411
shekhargulati/52-technologies-in-2016,"Let's learn a new technology every week. A new technology blog every Sunday in 2016.","Hugo: A Modern WebSite Engine That Just Works",https://github.com/shekhargulati/52-technologies-in-2016/blob/master/07-hugo/README.md,"2016-02-14 14:37:00",0.3416865048065748,13,2.056472079313786,411
imjacobclark/ngaas,"Name generator as a service","Show HN: Name generator as a service",https://github.com/imjacobclark/ngaas,"2016-02-08 08:59:00",0.34012499556959874,1,0.23575668171703124,2
djadmin/awesome-bug-bounty,"A comprehensive curated list of available Bug Bounty and Disclosure Programs","Show HN: A Curated List of Bug Bounty and Disclosure Programs",https://github.com/djadmin/awesome-bug-bounty,"2016-02-13 15:13:00",0.3374475164998659,4,0.7017023839465129,8
mattgreen/hython,"Haskell-powered Python 3 interpreter","Hython: Haskell-powered Python 3 interpreter",https://github.com/mattgreen/hython,"2016-02-18 23:52:00",0.3360220745078936,11,1.9712627665250182,353
foobuzz/todo,"A simple command line todo list manager which can be as powerful as you want it do be.","Show HN: todo – A simple yet powerful command line todo list manager",https://github.com/foobuzz/todo,"2016-02-14 11:26:00",0.3293048548640426,8,1.1412836584685655,32
Shyp/go-dberror,"parsing postgres errors","Get human-readable error messages for Postgres database errors",https://github.com/Shyp/go-dberror?hn,"2016-02-08 11:30:00",0.3279342804822215,7,1.028236039656893,23
Miserlou/django-zappa,"Serverless Django on AWS Lambda and API Gateway","Serverless Django on AWS Lambda",https://github.com/Miserlou/django-zappa,"2016-02-08 10:26:00",0.30643134884777323,8,1.1732157473805755,46
nvpro-pipeline/vkcpp,"C++ Vulkan API","C++ Vulkan API",https://github.com/nvpro-pipeline/vkcpp,"2016-02-17 01:33:00",0.30533801299865604,10,1.6883448905977096,252
arkverse/react-v,"Easy, intuitive velocityjs animations for React","react-v – uber easy React animations with velocityjs",https://github.com/arkverse/react-v,"2016-02-15 05:03:00",0.2926326232453089,5,0.7017023839465129,11
conorhastings/redux-test-recorder,,"Generate redux reducer tests through interaction with application",https://github.com/conorhastings/redux-test-recorder,"2016-02-14 03:54:00",0.2878660812894704,8,1.3659050177764351,115
dzharii/awesome-elasticsearch,"A curated list of the most important and useful resources about elasticsearch: articles, videos, blogs, tips and tricks, use cases. All about Elasticsearch!","A list of Elasticsearch tutorials, videos, tools and resources",https://github.com/dzharii/awesome-elasticsearch,"2016-02-16 07:12:00",0.27783129738711415,8,1.2903571490813532,104
cascala/galileo,"Scala Math - Numerical (Matlab-like) and Symbolic (Mathematica-like) tool","Symbolic math package in scala",https://github.com/cascala/galileo,"2016-02-14 15:20:00",0.25857837604764594,2,0.3584657446223901,4
rimmartin/saxon-node,,"Saxon-Node: Modern XSLT, XQuery and XPath in Node.js",https://github.com/rimmartin/saxon-node,"2016-02-14 18:10:00",0.25113842873527087,7,0.8999593155469533,36
TaylorBriggs/stripe-lambda,"A Lambda function for charging cards with Stripe","Process Stripe Payments Through AWS Lambda",https://github.com/TaylorBriggs/stripe-lambda,"2016-02-16 02:54:00",0.25084544669678616,5,0.6434058673270738,13
yask123/AwesomeTwitterAccounts,"A curated list of awesome twitter accounts, organised by community","Show HN: Awesome Twitter Accounts",https://github.com/yask123/AwesomeTwitterAccounts,"2016-02-17 01:47:00",0.2467515259649893,5,1.033803700861474,66
yask123/AwesomeTwitterAccounts,"A curated list of awesome twitter accounts, organised by community","Show HN: Awesome Twitter Accounts",https://github.com/yask123/AwesomeTwitterAccounts,"2016-02-17 20:24:00",0.2467515259649893,5,1.033803700861474,66
copy/v86,"x86 virtualization in JavaScript, running in your browser and NodeJS","X86 virtualization in JavaScript, running in your browser and Node.js",https://github.com/copy/v86,"2016-02-24 23:20:00",0.2336005469221788,17,1.7588734665501111,1862
paradoxical-io/cassieq,"A distributed queue built off cassandra","CassieQ: the distributed queue built on Cassandra",https://github.com/paradoxical-io/cassieq,"2016-02-14 07:21:00",0.2274695790177701,5,0.6697702950345029,19
kylef/swiftenv,"Swift Version Manager","Swift Version Manager",https://github.com/kylef/swiftenv,"2016-02-25 22:02:00",0.22215308443975954,8,1.3506759124781675,437
CorsixTH/CorsixTH,"Open source clone of Theme Hospital","CorsixTH: Open Source Clone of Theme Hospital",https://github.com/CorsixTH/CorsixTH,"2016-02-19 21:25:00",0.2195675226379,11,1.5225684163711792,1027
egoist/testen,"Run tests for multiple versions of Node.js in local env.","Run tests for multiple versions of Node.js in local env",https://github.com/egoist/testen,"2016-02-17 04:31:00",0.21799906507869915,7,0.8735948878395242,55
Tarsnap/scrypt,"The scrypt key derivation function was originally developed for use in the Tarsnap online backup system and is designed to be far more secure against hardware brute-force attacks than alternative functions such as PBKDF2 or bcrypt.","The scrypt encryption utility",https://github.com/Tarsnap/scrypt,"2016-02-19 17:41:00",0.21139390827353843,6,0.8791625490441051,64
ryanluker/typed-catch-of-the-day,"typescript version of Wes Bos' react of beginners tutorial series!","Show HN: Typescript conversion of Wes Bos' popular reactjs tutorial series",https://github.com/ryanluker/typed-catch-of-the-day,"2016-02-14 18:44:00",0.20634615001251821,3,0.33210131691496103,5
jtolds/lecat,"socat-lite with letsencrypt support","Socat-lite with letsencrypt support",https://github.com/jtolds/lecat,"2016-02-06 23:22:00",0.1973653132719035,4,0.7017023839465129,35
jtolds/lecat,"socat-lite with letsencrypt support","Lecat: letsencrypt-enabled socat-lite – the easiest way to get ssl",https://github.com/jtolds/lecat,"2016-02-07 07:28:00",0.1973653132719035,4,0.7017023839465129,35
saitodisse/twitter-stream-cli,"Twitter streams cli tool (node.js)","Twitter streams cli tool (Node.js)",https://github.com/saitodisse/twitter-stream-cli,"2016-02-08 11:42:00",0.1930966309440904,1,0.13384438531452056,2
hit9/img2txt,"Image to Ascii Text with color support, can output to html or ansi terminal.","Convert Image to ASCII Text with Color Support",https://github.com/hit9/img2txt,"2016-02-07 03:33:00",0.19072834026505592,9,1.0774194806445456,284
jonhoo/volley,"Volley is a benchmarking tool for measuring the performance of server networking stacks.","Volley: benchmarking tool for measuring performance of server networking stacks",https://github.com/jonhoo/volley,"2016-02-28 08:31:00",0.18883000685040086,4,0.8411144304656143,86
emirn/dateprog,"Date A Programmer: open source (Apache License) online dating service built with Ruby On Rails with private/public profiles, chat, admin panel, analytics, matches, tests constructor","Open-source online dating built with Ruby on Rails",https://github.com/emirn/dateprog,"2016-02-14 17:27:00",0.18654772081388749,3,0.4923101299369107,14
jaybosamiya/chaos-game,"Play the chaos game to create amazing fractal images","Show HN: chaos-game - Play the chaos game to create fractal images",https://github.com/jaybosamiya/chaos-game,"2016-02-13 10:33:00",0.18552913972237264,2,0.20382459280502133,3
cshum/caco,"Generator based control flow that supports both callbacks and promises","Show HN: ES6 generator control flow that supports both callbacks and promises",https://github.com/cshum/caco,"2016-02-13 04:17:00",0.18534927406190324,3,0.33210131691496103,6
wong2/pick,"create curses based interactive selection list in the terminal","Pick: python library to create interactive selection list in the terminal",https://github.com/wong2/pick#readme,"2016-02-23 03:43:00",0.1851909826768465,6,0.8091823415536044,79
nasser/illness,"HTML Mono MSIL Visualizer","Illness: A Live C#/MSIL Disassembler",https://github.com/nasser/illness/tree/next,"2016-02-13 11:07:00",0.18506419373489177,1,0.12827672410993973,2
rokyed/takaraKeyframer,,"takaraKeyframer, animation for web based on key frames",https://github.com/rokyed/takaraKeyframer,"2016-02-12 23:36:00",0.18506419373489177,1,0.12827672410993973,2
allansun/docker-cloud-php-api,"DockerCloud API PHP Wrapper","Show HN: Docker Cloud API PHP Wrapper",https://github.com/allansun/docker-cloud-php-api,"2016-02-14 19:25:00",0.18506419373489177,1,0.12827672410993973,2
rrdelaney/reyle,":sunny: Managing styles in style","Show HN: Reyle – StyleSheet management in JavaScript",https://github.com/rrdelaney/reyle,"2016-02-15 17:12:00",0.18506419373489177,1,0.12827672410993973,2
atom0s/Moved_To_Gitlab,"I have moved to Gitlab, I encourage you to do the same.","I moved to GitLab. You should too",https://github.com/atom0s/Moved_To_Gitlab,"2016-02-13 13:17:00",0.18506419373489177,1,0.12827672410993973,2
twitter/rpc-perf,"A tool for benchmarking RPC services","Twitter is using Rust: A tool for benchmarking RPC services",https://github.com/twitter/rpc-perf,"2016-02-16 21:17:00",0.18119099633365984,4,0.8091823415536044,87
LWJGL/lwjgl3,"LWJGL is a Java library that enables cross-platform access to popular native APIs useful in the development of graphics (OpenGL), audio (OpenAL) and parallel computing (OpenCL) applications. ","68% of LWGL3 is written in Kotlin",https://github.com/LWJGL/lwjgl3/search?l=kotlin,"2016-02-17 00:11:00",0.17710805900503254,7,1.1468513196731462,649
Simpsonpt/AppSecEzine,"AppSec Ezine Public Repository.","AppSec Ezine Public Repository",https://github.com/Simpsonpt/AppSecEzine,"2016-02-13 03:16:00",0.176346745054498,4,0.5997900875440022,30
Jaxx-io/openpgpjs-secp256k1,"Working repo for building secp256k1 capability into OpenPGPjs","Kryptokit adds elliptic curve cryptography capabilities to OpenPGP.js",https://github.com/Jaxx-io/openpgpjs-secp256k1,"2016-02-15 18:39:00",0.17465992670368505,4,0.4340136133174717,12
claudiajs/claudia,"deploy Node.js microservices to AWS easily","Show HN: Claudia.js – deploy Node.js microservices to AWS more easily",https://github.com/claudiajs/claudia,"2016-02-20 13:49:00",0.17144930207588552,7,1.001871611949464,345
teonite/docker-nginx-dynamic-sites,"Serve static sites based on their domain using Docker & NGINX","Show HN: Multiple static sites hosting with Docker and NGINX",https://github.com/teonite/docker-nginx-dynamic-sites,"2016-02-15 21:09:00",0.17006249778479937,1,0.23575668171703124,4
zverok/worldize,"Simple coloured countries drawing","Draw colored world maps with Ruby",https://github.com/zverok/worldize,"2016-02-13 07:52:00",0.16985757048624958,7,0.8999593155469533,200
mondora/asteroid,"An alternative client for a Meteor backend","Show HN: Asteroid, an alternative js client for Meteor",https://github.com/mondora/asteroid/,"2016-02-17 20:55:00",0.16784730606980278,6,1.0393713620660547,489
gwpy/gwpy,"Package for analysing and characterising gravitational wave data in python","Python Package for Analysing and Characterising Gravitational Wave Data",https://github.com/gwpy/gwpy,"2016-02-13 01:21:00",0.16303247482349972,4,0.7017023839465129,74
guisouza/tEmbO,":elephant: My own tiny react-like rendering engine.","Show HN: My own tiny React-like rendering engine",https://github.com/guisouza/tembo,"2016-02-13 02:29:00",0.1624071987974839,4,0.5678579986319923,33
SoftInstigate/restheart,"RESTHeart, the automatic REST API Server for MongoDB","Release Notes – Restheart – Version 2.0.0-beta-1",https://github.com/SoftInstigate/restheart/releases/tag/2.0.0-beta-1,"2016-02-13 01:57:00",0.15893505009170836,6,0.8036146803490235,157
weibocom/nginx-upsync-module,"nginx-upsync-module, sync upstreams from consul or etcd and so on, dynamiclly modify backend-servers attributes(weight, max_fails, down...), needn't reload nginx","Nginx Upsync Module (by Weibo) – Dynamic Upstreams from Consul/etcd",https://github.com/weibocom/nginx-upsync-module,"2016-02-12 20:07:00",0.1588613627387821,5,0.696134722741932,80
casdr/TaaS,"Time as a Service","TaaS – Time as a Service",https://github.com/casdr/TaaS,"2016-02-14 18:28:00",0.15553649648294718,3,0.4659457022294816,20
cnlohr/channel3,"ESP8266 Analog Broadcast Television Interface","ESP8266 Analog Broadcast Television Interface",https://github.com/cnlohr/channel3,"2016-02-23 01:37:00",0.15450946116167358,5,0.7772502526415944,153
miso-belica/sumy,"Module for automatic summarization of text documents and HTML pages.","Automatic text summarizer",https://github.com/miso-belica/sumy,"2016-02-27 10:08:00",0.15428260983808484,5,0.911094637956115,367
idno/Known,"Social publishing for groups and individuals.","Known: Publish on your own site, share everywhere",https://github.com/idno/Known,"2016-02-28 07:19:00",0.14833680930842355,5,0.9318914044589632,535
primis/playing,"Show currently playing song in linux (or OS X)","Introducing “Playing” – A simple command for displaying song info in terminal",https://github.com/primis/playing,"2016-02-06 22:41:00",0.14702836462550828,1,0.10191229640251066,2
rsmoz/swift.pm,"An unofficial registry of Swift packages","Swift.PM Registry – An unofficial registry of Swift packages",https://github.com/rsmoz/swift.pm,"2016-02-17 03:10:00",0.14648386240664285,1,0.23575668171703124,5
shazow/dotfiles,"Some of my . files.","Helpers.bash: Curated Bash utilities for daily use",https://github.com/shazow/dotfiles#helpersbash,"2016-02-07 15:47:00",0.14221133522267282,3,0.43958127452205253,22
720kb/hubuntu-ui,"Material very basic admin dashboard starter UI template - Ubuntu style - https://720kb.github.io/hubuntu-ui/","Hubuntu UI – Material admin dashboard, very basic, starter template",https://github.com/720kb/hubuntu-ui,"2016-02-13 07:11:00",0.14150192822626928,2,0.47151336343406247,28
sysdevone/gab-cmdline,"GAB Command Line Parser","Show HN: GAB-Cmdline – Command line parser for Java",https://github.com/sysdevone/gab-cmdline,"2016-02-07 20:50:00",0.1384970063881877,2,0.33210131691496103,11
ps2dev/ps2sdk,"Homebrew PS2 SDK","Homebrew PS2 SDK",https://github.com/ps2dev/ps2sdk,"2016-02-07 19:13:00",0.13622706943658122,6,0.611473778415064,89
abusesa/abusehelper,"A framework for receiving and redistributing abuse feeds","Threat intel terminology harmonization via a flexible ontology",https://github.com/abusesa/abusehelper/blob/master/docs/Harmonization.md,"2016-02-23 09:31:00",0.13442638754584565,1,0.36403340582697097,15
juttle/juttle,"Juttle dataflow programming language","Juttle/juttle: Juttle dataflow programming language",https://github.com/juttle/juttle,"2016-02-23 05:50:00",0.13057991758355422,2,0.47151336343406247,37
DhavalKapil/dns-validator,"Security tool to detect dns poisoning attacks","Security tool to detect DNS poisoning attacks",https://github.com/DhavalKapil/dns-validator?url,"2016-02-07 10:54:00",0.13054429925861852,3,0.43958127452205253,29
ligurio/free-software-testing-books,"List of free software testing books","Show HN: List of Free Software Testing Books",https://github.com/ligurio/free-software-testing-books,"2016-02-07 08:26:00",0.13027675761722163,7,0.7772502526415944,390
achiku/wbs,"Watch, build, and (re)start Go net/http server, customizeable by toml configuration file","Show HN: Wbs – Watch, build, and (re)start Go net/http server",https://github.com/achiku/wbs,"2016-02-07 04:57:00",0.12469081185500418,2,0.3376689781195419,15
google/pytype,,PyType,https://github.com/google/pytype,"2016-02-28 07:54:00",0.12111239789684324,3,0.49787779114149155,61
kakwa/libvisio2svg,"Library/Tools to convert Microsoft (MS) Visio documents (VSS and VSD) to SVG","Show HN: Libvisio2svg. Library/Tools to Convert MS Visio .VSS/.VSD Docs to SVG",https://github.com/kakwa/libvisio2svg,"2016-02-15 04:16:00",0.11829375607306479,2,0.23018902051245038,7
amitassaraf/lang,"Module for enforcing language constraints in Python","Lang: Python module for enforcing programming language constraints",https://github.com/amitassaraf/lang,"2016-02-13 05:49:00",0.11687227432821755,4,0.4340136133174717,41
plomlompom/htwtxt,"hosted twtxt server (in Go)","Show HN: htwtxt – hosted twtxt server (written in Go)",https://github.com/plomlompom/htwtxt,"2016-02-13 00:03:00",0.11676250614805572,2,0.25655344821987947,9
enricobacis/wos,"Web of Science Client","Show HN: Web of Science Python Client and CLI",https://github.com/enricobacis/wos,"2016-02-14 21:09:00",0.11676250614805572,1,0.12827672410993973,3
yayaa/LocationManager,"Simplify getting user's location for Android","Location Library for Android",https://github.com/yayaa/LocationManager,"2016-02-16 21:38:00",0.11490500069187638,3,0.5734256598365731,147
yayaa/LocationManager,"Simplify getting user's location for Android","Show HN: LocationManager – Location Library for Android",https://github.com/yayaa/LocationManager,"2016-02-17 07:29:00",0.11490500069187638,3,0.5734256598365731,147
ahoskins/FootNotes,"soundcloud-style time-tied comments for youtube that can be shared in realtime","Show HN: Soundcloud-style time-tied comments for YouTube",https://github.com/ahoskins/FootNotes,"2016-02-13 12:21:00",0.11337499852319959,1,0.23575668171703124,8
pwaller/docker-show-context,"Show where time is wasted during the context upload of `docker build`","Show HN: docker-show-context shows you why `docker build` takes so long",https://github.com/pwaller/docker-show-context,"2016-02-07 06:34:00",0.11027127346913122,3,0.305736889207532,16
msaraiva/atom-elixir,"An Atom package for Elixir","An Atom package for Elixir",https://github.com/msaraiva/atom-elixir,"2016-02-16 22:39:00",0.10633109770318824,3,0.4659457022294816,80
Fizzadar/ElasticQuery,"A simple (Python) query builder for Elasticsearch","Show HN: ElasticQuery v3 with ES2 support",https://github.com/Fizzadar/ElasticQuery,"2016-02-07 07:42:00",0.1050378378608981,2,0.36403340582697097,32
d33tah/aflize,"A program that automatically generates AFL-enabled builds of Debian packages.","Show HN: Aflize – rebuild and afl-fuzz Debian packages easily",https://github.com/d33tah/aflize,"2016-02-14 12:10:00",0.10490276621135829,2,0.3376689781195419,25
thomaspinckney3/cs4501,"Materials for this semesters Internet Scale Applications","Internet Scale Applications – Virginia U. course notes",https://github.com/thomaspinckney3/cs4501,"2016-02-13 02:14:00",0.10476353800462102,2,0.23018902051245038,9
lins05/slackbot,"A chat bot for Slack (https://slack.com).","An easy to configure Slack bot in python",https://github.com/lins05/slackbot,"2016-02-14 15:56:00",0.10413999206669859,4,0.4923101299369107,113
soheil/wayback.co,"Easier Wayback Machine","Instantly view a page's history by prepending wayback.co/ to the url",https://github.com/soheil/wayback.co,"2016-02-21 18:55:00",0.10238782594152791,2,0.23575668171703124,10
chemouna/frame-gradle-plugin,"A gradle plugin to frame android screenshots with devices frames.","A gradle plugin to frame android screenshots with devices frames",https://github.com/chemouna/frame-gradle-plugin,"2016-02-13 03:34:00",0.10032439395134093,3,0.4659457022294816,104
chemouna/frame-gradle-plugin,"A gradle plugin to frame android screenshots with devices frames.","Show HN: A plugin to automate framing android screenshots in multiple languages",https://github.com/chemouna/frame-gradle-plugin,"2016-02-14 08:44:00",0.10032439395134093,3,0.4659457022294816,104
softvar/awesome-products-by-women,"Awesome products made by female founders","Show HN: Curated List of Awesome Products Made by Female Founders",https://github.com/softvar/awesome-products-by-women,"2016-02-07 00:19:00",0.09996982140327164,1,0.23018902051245038,10
xedin/windmill,"Java 8 Library for Building High-Performance, Thread-per-Core Applications","Java 8 Library for Building High-Performance, Thread-Per-Core Applications",https://github.com/xedin/windmill,"2016-02-18 22:42:00",0.09833146078078302,2,0.3376689781195419,31
DestructHub/ProjectEuler,"Compilation of some solutions of the challenges existent in the website www.projecteuler.net","DestructHub: We want collaborators and people who loves challenges",https://github.com/DestructHub/ProjectEuler,"2016-02-14 18:14:00",0.09599627770391207,2,0.23018902051245038,11
DestructHub/ProjectEuler,"Compilation of some solutions of the challenges existent in the website www.projecteuler.net","A dump of Project Euler solutions in more of 10 languages",https://github.com/DestructHub/ProjectEuler,"2016-02-19 02:41:00",0.09599627770391207,2,0.23018902051245038,11
Tixit/RPEP,"Remote Procedure and Event Protocol (RPEP) ","Remote Procedure and Event Protocol",https://github.com/Tixit/RPEP,"2016-02-28 01:54:00",0.09276456986118632,1,0.10191229640251066,3
zhoutong/interapp,"Interapp is a mountable Rails engine that handles simple and secure inter-app messaging using ECDSA.","Show HN: Interapp (Schemaless API for Rails Apps)",https://github.com/zhoutong/interapp,"2016-02-15 04:11:00",0.09253209686744589,1,0.12827672410993973,4
s-a/time-track,"A time-tracking commandline app.","Time is money, right? A time tracking Node.js commandline app",https://github.com/s-a/time-track,"2016-02-13 03:14:00",0.09253209686744589,1,0.12827672410993973,4
lightrainstech/etherwallet,"An Ethereum Wallet, ETH Wallet","Show HN: Ethereum wallet hybrid app",https://github.com/lightrainstech/etherwallet,"2016-02-15 18:31:00",0.09253209686744589,1,0.12827672410993973,4
turhn/cloudflare-purge-cache,"CloudFlare API wrapper script for purging caches programmatically.","A programatical cache purger script for CloudFlare",https://github.com/turhn/cloudflare-purge-cache,"2016-02-14 20:01:00",0.09253209686744589,1,0.12827672410993973,4
ciconia/awesome-music,"Awesome Music Projects","A collection of awesome music libraries, tools, frameworks and software",https://github.com/ciconia/awesome-music,"2016-02-22 09:05:00",0.08625677539413214,2,0.33210131691496103,47
JARR-aggregator/JARR,"JARR (Just Another RSS Reader) is a web-based news aggregator.","JARR: an aggregator based on Flask, asyncio, SQLAlchemy and React",https://github.com/JARR-aggregator/JARR,"2016-02-14 14:25:00",0.08500175529196637,2,0.23018902051245038,15
chuanli11/CNNMRF,"code for paper ""Combining Markov Random Fields and Convolutional Neural Networks for Image Synthesis""","CNNMRF – A new approach to Deep Dream artwork",https://github.com/chuanli11/CNNMRF,"2016-02-26 19:02:00",0.08464951416777065,3,0.43958127452205253,180
Comcast/rulio,Rulio,"Rulio – A Rules Engine",https://github.com/Comcast/rulio,"2016-02-18 00:32:00",0.08321176455406155,2,0.23575668171703124,17
ytoolshed/upkeeper,"simple, stateful process management","Upkeeper: stateful process management framework alternative to systemd",https://github.com/ytoolshed/upkeeper,"2016-02-14 20:48:00",0.07560759535231966,2,0.23018902051245038,21
indutny/bcoin,"Small bitcoin library for node.js and browsers","BCoin: full and SPV Bitcoin node written in JavaScript",https://github.com/indutny/bcoin,"2016-02-27 23:27:00",0.07275985594958773,3,0.33210131691496103,96
jcouyang/glist,"Taking notes with :octocat: Gist from Atom","Notational gist from Atom – glist",https://github.com/jcouyang/glist,"2016-02-26 16:24:00",0.0679444046763632,3,0.305736889207532,90
Zhouzi/reactivedesign,"Collection of design insights about perceived speed.","UI design and the perception of performance",https://github.com/Zhouzi/reactivedesign/blob/gh-pages/README.md,"2016-02-27 19:13:00",0.06784951648936459,2,0.3376689781195419,145
dthree/cash,"Cross-platform Linux commands in pure ES6","Linux commands on Windows in pure ES6",https://github.com/dthree/cash/##,"2016-02-22 22:52:00",0.0665351283924786,3,0.305736889207532,99
dthree/cash,"Cross-platform Linux commands in pure ES6","Cross-platform Linux without the suck",https://github.com/dthree/cash,"2016-02-25 20:47:00",0.0665351283924786,3,0.305736889207532,99
dthree/cash,"Cross-platform Linux commands in pure ES6","Cash: Cross-platform Linux commands without the suck",http://github.com/dthree/cash/#-,"2016-02-26 06:37:00",0.0665351283924786,3,0.305736889207532,99
dthree/cash,"Cross-platform Linux commands in pure ES6","Cash: Cross-platform Linux without the suck",http://github.com/dthree/cash/###,"2016-02-27 07:02:00",0.0665351283924786,3,0.305736889207532,99
idanwe/meteor-client-side,"Use Meteor's client side DDP protocol and Minimongo in a non Meteor project","Use Meteor's client side DDP protocol and Minimongo in a non Meteor project",https://github.com/idanwe/meteor-client-side,"2016-02-18 02:17:00",0.06528995879177711,1,0.23575668171703124,37
lettier/isosurface,"Isosurface extraction using Marching Cubes and pure WebGL.","Isosurface Extraction Using Marching Cubes Algorithm",https://github.com/lettier/isosurface,"2016-02-14 18:38:00",0.06527665532369413,2,0.23018902051245038,34
ellmetha/django-machina,"A Django forum engine for building powerful and pretty community driven websites.","Django-machina: forum engine for building powerful community driven websites",https://github.com/ellmetha/django-machina,"2016-02-21 20:02:00",0.05910193647429833,1,0.23575668171703124,54
savala/stockCommandy,"CLI tool that allows you to create a watchlist and query stocks","Bash Script for stocks",https://github.com/savala/stockCommandy,"2016-02-14 20:44:00",0.055709873437572645,1,0.12827672410993973,10
tylfin/GeosPy,"Highly optimized geolocation inference package for spatial approximation","GeosPy: Geolocation Inference Made Easy",https://github.com/tylfin/GeosPy/,"2016-02-13 06:53:00",0.05349554901963644,1,0.12827672410993973,11
ruby/www.ruby-lang.org,"Source of the https://www.ruby-lang.org website.","Ruby adds code of conduct",https://github.com/ruby/www.ruby-lang.org/issues/1297,"2016-02-17 02:52:00",0.05224916484164796,2,0.33210131691496103,576
chemouna/Nearby,"Foursquare client written in kotlin.","Show HN: A foursquare client written entirely in kotlin",https://github.com/chemouna/Nearby,"2016-02-14 08:45:00",0.05162235133496208,1,0.12827672410993973,12
IBM-Swift/Kitura,"Web framework and HTTP server for Swift","Kitura - IBM's web framework and HTTP server for Swift",https://github.com/IBM-Swift/Kitura,"2016-02-22 21:52:00",0.05149922107743775,2,0.3376689781195419,704
IBM-Swift/Kitura,"Web framework and HTTP server for Swift","Web Framework and HTTP Server for Swift by IBM",https://github.com/IBM-Swift/Kitura,"2016-02-25 05:01:00",0.05149922107743775,2,0.3376689781195419,704
probmods/webchurch,"A Church to Javascript compiler","Webchurch: Probabilistic Programming for JavaScript",https://github.com/probmods/webchurch,"2016-02-08 08:42:00",0.050431958925207354,2,0.23018902051245038,96
etcet/HNES,"Hacker News Extension Suite","Hacker News Enhancement Suite Chrome Extension",https://github.com/etcet/HNES,"2016-02-26 21:28:00",0.04966612311033477,2,0.23018902051245038,103
aviaryan/BrainGames,":zap: Games to boost your brain","[Python] Brain Games",https://github.com/aviaryan/BrainGames,"2016-02-18 04:44:00",0.0463069793526985,1,0.13384438531452056,18
aviaryan/BrainGames,":zap: Games to boost your brain","A Collection of brain games",https://github.com/aviaryan/BrainGames,"2016-02-18 20:26:00",0.0463069793526985,1,0.13384438531452056,18
notwaldorf/ama,":raising_hand: Ask @notwaldorf anything!","GitHub AMA goes a bit awry",https://github.com/notwaldorf/ama/issues/36,"2016-02-22 00:00:00",0.046266048433722944,1,0.12827672410993973,16
kanzure/pdfparanoia,"pdf watermark removal library for academic papers","PDFparanoia: Remove watermarks (IP address, name, ..) from academic papers",https://github.com/kanzure/pdfparanoia,"2016-02-13 11:23:00",0.044976416336023936,2,0.23018902051245038,167
everysquare/pollinate,"Keep your boilerplate on Github, easily download & transform it for each use.","Keep your boilerplate on GitHub, easily download and transform it for each use",https://github.com/everysquare/pollinate,"2016-02-17 03:57:00",0.04475847671265956,2,0.20382459280502133,95
everysquare/pollinate,"Keep your boilerplate on Github, easily download & transform it for each use.","Template your base files and generate them from GitHub",https://github.com/everysquare/pollinate,"2016-02-23 04:24:00",0.04475847671265956,2,0.20382459280502133,95
brenolf/polyjuice,"A utility to convert JSHint and JSCS files into ESLint files and vice-versa","A utility to convert JSHint and JSCS files into ESLint files and vice-versa",https://github.com/brenolf/polyjuice,"2016-02-25 07:54:00",0.04445497023767789,2,0.20382459280502133,98
dustinspecker/dscript,"Framework agnostic hyperscript","Dscript: Framework agnostic hyperscript",https://github.com/dustinspecker/dscript#dscript,"2016-02-14 20:16:00",0.04438070077300694,1,0.12827672410993973,18
programa-stic/marvin-django,"Marvin-django is the UI/database part of the Marvin project. Marvin is a platform for security analysis of Android apps.","Marvin – OSS static+dynamic code analysis system that finds bugs in Android apps",https://github.com/programa-stic/marvin-django/blob/master/README_en.md,"2016-02-17 22:49:00",0.04330072696643265,1,0.13384438531452056,22
micha/json-table,"Transform nested JSON data into tabular data in the shell.","Json-table: Transform nested JSON data into tabular data in the shell",https://github.com/micha/json-table,"2016-02-15 21:26:00",0.04250072868427564,1,0.10191229640251066,11
AsamK/textsecure-cli,"textsecure-cli is a commandline interface for libtextsecure-java","Command line interface for Signal/TextSecure",https://github.com/AsamK/textsecure-cli,"2016-02-07 06:59:00",0.0421336110125239,1,0.12827672410993973,21
thelounge/lounge,"The Lounge — Self-hosted web IRC client","Lounge – an active community fork of Shout, the self-hosted IRC client",https://github.com/thelounge/lounge,"2016-02-13 01:00:00",0.0421336110125239,1,0.12827672410993973,21
thelounge/lounge,"The Lounge — Self-hosted web IRC client","The Lounge – A Self-Hosted Web IRC Client",https://github.com/thelounge/lounge,"2016-02-19 22:34:00",0.0421336110125239,1,0.12827672410993973,21
zachpanz88/mlbgame,"A Python API to retrieve and read MLB GameDay XML data","Mlbgame – a Python API to get MLB game info and stats",https://github.com/zachpanz88/mlbgame,"2016-02-17 03:21:00",0.042115203976852325,1,0.13384438531452056,24
ccrisan/motioneyeos,"A Video Surveillance OS For Single-board Computers","MotionEyeOS: A Video Surveillance OS for Single-Board Computers",https://github.com/ccrisan/motioneyeos,"2016-02-25 20:17:00",0.04092964153458001,1,0.23018902051245038,277
facebook/draft-js,"A React framework for building text editors.","Draft: Rich Text Editor Framework for React",https://github.com/facebook/draft-js,"2016-02-22 19:55:00",0.039446792254405894,3,0.305736889207532,2323
fabioperez/transito-cv,"Traffic sign detector and classifier that uses dlib and its implementation of the Felzenszwalb's version of the Histogram of Oriented Gradients (HoG) detector","Traffic sign classifier using histogram of oriented gradients (HoG) and svm",https://github.com/fabioperez/transito-cv,"2016-02-07 13:56:00",0.038616931606168706,1,0.10191229640251066,14
mapio/kiss,"Keep It Secret Stupid – A self-contained (static) web page able to keep a secret…","Show HN: KeepItSecretStupid a self-contained static webpage able to keep secrets",https://github.com/mapio/kiss,"2016-02-08 13:40:00",0.037355038464440674,1,0.12827672410993973,31
chzchzchz/raftsql,"sql with commits over raft","Raft SQL: sqlite replicated with etcd raft",https://github.com/chzchzchz/raftsql,"2016-02-27 20:07:00",0.03675709115637707,1,0.10191229640251066,16
robinmonjo/dock,"Micro init system for linux containers","Micro init system for linux containers",https://github.com/robinmonjo/dock?utm_source=webopsweekly&utm_medium=email,"2016-02-25 09:21:00",0.03525923477632174,1,0.10191229640251066,18
plu/parallel_ios_tests,"Run iOS tests in multiple simulators in parallel at the same time","Run iOS tests in multiple simulators in parallel at the same time",https://github.com/plu/parallel_ios_tests,"2016-02-17 02:58:00",0.03461178755056478,1,0.10191229640251066,19
BuoyantIO/linkerd,"A dynamic linker for microservices.","BuoyantIO/linkerd: A dynamic linker for microservices",https://github.com/BuoyantIO/linkerd,"2016-02-18 19:52:00",0.032963000580695,1,0.13384438531452056,58
casidiablo/tako,"Github notifications on Slack","Show HN: GitHub Notifications on Slack Using Clojure and AWS Lambda",https://github.com/casidiablo/tako,"2016-02-21 19:57:00",0.032067517368437055,1,0.10191229640251066,24
wso2/msf4j,"WSO2 Microservices Framework for Java (MSF4J)","MSF4J: A Microservices Framework that can do 90K events per second",https://github.com/wso2/msf4j,"2016-02-23 02:23:00",0.03026532313999867,1,0.10191229640251066,29
aantron/markup.ml,"Error-recovering streaming HTML5 and XML parsers.","Show HN: Parsing HTML5 in OCaml, concurrently",https://github.com/aantron/markup.ml,"2016-02-15 20:01:00",0.029677541101318768,1,0.10191229640251066,31
arzzen/pert,"A simple command line (bash/shell) utility to estimate tasks using PERT","Utility to estimate tasks using PERT (Program evaluation and review technique)",https://github.com/arzzen/pert,"2016-02-20 11:24:00",0.029677541101318768,1,0.10191229640251066,31
Microsoft/vscode-react-native,"vscode extension for react native","Microsoft Visual Studio Code Extension for React Native",https://github.com/Microsoft/vscode-react-native,"2016-02-22 22:35:00",0.029146882885552044,1,0.10191229640251066,33
liteserver/binn,"Binary Serialization","Easy Binary Serialization for C",https://github.com/liteserver/binn,"2016-02-17 06:07:00",0.02543145071592009,1,0.10191229640251066,55
lyle-nel/siga,"Population based metaheuristic for password cracking. Siga(Simple genetic algorithm)","Show HN: Cracking passwords with a simple genetic algorithm",https://github.com/lyle-nel/siga,"2016-02-27 21:50:00",0.02543145071592009,1,0.10191229640251066,55
Shikkic/gitbar,":octocat: Open source github contribution stats on your Mac OS X Menu Bar","Show HN: GitHub Stats in the Mac OS X Menu Bar",https://github.com/Shikkic/gitbar,"2016-02-27 20:07:00",0.024693234310904855,1,0.10191229640251066,62
sheepsteak/react-shallow-testutils,"Replacement for TestUtils when using React's shallow rendering","Show HN: Replacement for TestUtils when using React's shallow rendering",https://github.com/sheepsteak/react-shallow-testutils,"2016-02-23 00:24:00",0.02423775187097322,1,0.10191229640251066,67
sindresorhus/cows,"ASCII cows","Introducing, sindresorhus/cows: ASCII cows",https://github.com/sindresorhus/cows,"2016-02-20 10:18:00",0.023753236174453303,1,0.10191229640251066,73
WetDesertRock/Yarn,"A small embeddable VM with a custom instruction set and everything stored in a statically allocated memory space.","Yarn – A small embeddable VM with a custom instruction set",https://github.com/WetDesertRock/Yarn,"2016-02-27 18:50:00",0.023000792185566186,1,0.10191229640251066,84
nats-io/nuid,"NATS Unique Identifiers","NUID – An entropy friendly and highly performant unique identifier generator",https://github.com/nats-io/nuid,"2016-02-24 20:25:00",0.02253804985924829,1,0.10191229640251066,92
leeoniya/domvm,"domvm (DOM ViewModel) - A thin, fast, dependency-free vdom view layer","Domvm.js (DOM ViewModel)",https://github.com/leeoniya/domvm/blob/master/README.md,"2016-02-27 11:13:00",0.021943091917898557,1,0.10191229640251066,104
tav/asciinema2gif,"Generate animated GIFs from asciinema terminal recordings","Show HN: Generate animated GIFs from asciinema terminal recordings",https://github.com/tav/asciinema2gif,"2016-02-28 05:01:00",0.021723457513895976,1,0.10191229640251066,109
DexterInd/GoPiGo,"The GoPiGo Robot for Raspberry Pi","The GoPiGo Robot for Raspberry Pi",https://github.com/DexterInd/GoPiGo,"2016-02-21 18:13:00",0.02050626256145383,1,0.10191229640251066,144
veniversum/git-visualizer,"Visualizes directory structure of GitHub repos","GitHub Visualization Tool",https://github.com/veniversum/git-visualizer,"2016-02-25 20:43:00",0.019327196080833622,1,0.10191229640251066,195
fogleman/gg,"Go Graphics - 2D rendering in Go with a simple API.","2D rendering in Go with a simple API",https://github.com/fogleman/gg,"2016-02-21 17:54:00",0.019076360930623017,1,0.10191229640251066,209
kvz/bash3boilerplate,"Copypastable templates to write better bash scripts","Bash3boilerplate v1.2.0 supports long option cli argument parsing",https://github.com/kvz/bash3boilerplate#v120-2016-02-16,"2016-02-16 21:32:00",0.01809775592733045,1,0.10191229640251066,279
redspread/spread,"Docker to production in one command","Show HN: Redspread (YC W16) – CLI to deploy Docker to Kubernetes in one command",https://github.com/redspread/spread,"2016-02-25 19:46:00",0.018007353414544108,1,0.10191229640251066,287
vulpino/jolteon,"Babel + Electron + React + Browserify + SASS application stack","Show HN: Jolteon – Babel/Electron/React/Browserify/Sass application stack",https://github.com/vulpino/jolteon,"2016-02-21 20:57:00",0.017620224192436633,1,0.10191229640251066,325
amitassaraf/pdbi,"Improved Python Debugger ","IPython Debugger Improved (PDBI)",https://github.com/amitassaraf/pdbi,"2016-02-13 16:25:00",NULL,2,0.2621211094244603,1
meisyal/staruml-ruby,"Ruby extension for StarUML 2.","Show HN: StarUML Ruby – Ruby code generation from UML model",https://github.com/meisyal/staruml-ruby,"2016-02-14 16:26:00",NULL,1,0.12827672410993973,0
benharold/hello-world-collection,"""hello world"" in a bunch of different languages","Hello World Collection",https://github.com/benharold/hello-world-collection,"2016-02-08 13:17:00",NULL,1,0.10191229640251066,1
poizan42/soswow64,"windbg/dbgeng extension for debugging 64-bit dumps of 32-bit .NET processes.","Show HN: Windbg extension for debugging 64-bit dumps of 32-bit .NET processes",https://github.com/poizan42/soswow64,"2016-02-13 17:27:00",NULL,1,0.23575668171703124,0
fe9lix/CircuitBreaker,"CircuitBreaker Pattern in Swift.","Swifty Circuit Breaking",https://github.com/fe9lix/CircuitBreaker,"2016-02-08 14:52:00",NULL,1,0.12827672410993973,1
Kraymer/deus_ex_tmachina,"Folders whitelist for Time Machine.","Deus_ex_tmachina.sh, folders whitelist for Time Machine",https://github.com/Kraymer/deus_ex_tmachina,"2016-02-12 22:29:00",NULL,1,0.12827672410993973,0
eliot-akira/idom,"Smart-rendering views with JSX and incremental DOM","Smart-rendering views with JSX and incremental DOM",https://github.com/eliot-akira/idom,"2016-02-15 00:08:00",NULL,1,0.12827672410993973,1
cdax/setop,"Set operations in the UNIX shell!","Show HN: Setop – Set operations in the Unix shell",https://github.com/cdax/setop,"2016-02-14 15:22:00",NULL,1,0.10191229640251066,0
joseph8th/devdial,"Play Salt-n-Pepa 'Push It' (or any other audio) on your Asterisk phone system when you git push a repository","Show HN: DevDial – play 'Push It' over your Asterisk phone system on 'git push'",https://github.com/joseph8th/devdial,"2016-02-15 20:11:00",NULL,1,0.10191229640251066,1
david-cahill/spacemacs-cheatsheet,"Some handy commands for the spacemacs ide","Handy spacemacs commands for developing in JavaScript, node js, css",https://github.com/david-cahill/spacemacs-cheatsheet,"2016-02-13 02:38:00",NULL,1,0.12827672410993973,1
